<?xml version='1.0' encoding='UTF-8' standalone='yes' ?>
<Robot type="FirstInspires-FTC">
    <LynxUsbDevice name="Control Hub Portal" serialNumber="(embedded)" parentModuleAddress="173">
        <LynxModule name="Control Hub" port="173">
            <goBILDA5202SeriesMotor name="leftFront" port="0" />
            <goBILDA5202SeriesMotor name="leftBack" port="1" />
            <goBILDA5202SeriesMotor name="rightFront" port="2" />
            <goBILDA5202SeriesMotor name="rightBack" port="3" />
            <Servo name="intakeServoLeft" port="0" />
            <Servo name="intakeServoRight" port="1" />
            <Servo name="intakeSlideLeft" port="2" />
            <Servo name="intakeSlideRight" port="3" />
            <LynxEmbeddedIMU name="imu" port="0" bus="0" />
        </LynxModule>
    </LynxUsbDevice>
    <EthernetDevice name="limelight" serialNumber="EthernetOverUsb:eth0:172.29.0.21" name="limelight" port="0" ipAddress="172.29.0.1" />
</Robot>
