{"backedUpFiles":["/sdcard/FIRST/blocks/Driver Control.blk","/sdcard/FIRST/blocks/Driver Control.js","/sdcard/FIRST/blocks/auto test 1.blk","/sdcard/FIRST/blocks/auto test 1.js","/sdcard/FIRST/blocks/Custom F5.blk","/sdcard/FIRST/blocks/Custom F5.js","/sdcard/FIRST/blocks/Auto 1.blk","/sdcard/FIRST/blocks/Auto 1.js","/sdcard/FIRST/blocks/F2 Simple Auto.blk","/sdcard/FIRST/blocks/F4 Simple Auto.blk","/sdcard/FIRST/blocks/F4 Simple Auto.js","/sdcard/FIRST/blocks/F2 Simple Auto.js","/sdcard/FIRST/blocks/A4 Simple Auto.blk","/sdcard/FIRST/blocks/A4 Simple Auto.js","/sdcard/FIRST/blocks/A2 Simple Auto.blk","/sdcard/FIRST/blocks/A2 Simple Auto.js","/sdcard/FIRST/blocks/F2 Complex Auto.blk","/sdcard/FIRST/blocks/F2 Complex Auto.js","/sdcard/FIRST/blocks/Custom A2.blk","/sdcard/FIRST/blocks/Custom A2.js","/sdcard/FIRST/blocks/F4 Complex Auto.js","/sdcard/FIRST/blocks/F4 Complex Auto.blk","/sdcard/FIRST/blocks/A2 Complex Auto.blk","/sdcard/FIRST/blocks/A2 Complex Auto.js","/sdcard/FIRST/blocks/A4 Complex Auto.blk","/sdcard/FIRST/blocks/A4 Complex Auto.js","/sdcard/FIRST/11940.xml","/sdcard/FIRST/tflitemodels/Custom22091.tflite"],"deviceName":"Control Hub 11940-RC","modifiedTimes":[{"fileName":"/sdcard/FIRST/blocks/Driver Control.js","time":"date: Can't stat /sdcard/FIRST/blocks/Driver: No such file or directory"},{"fileName":"/sdcard/FIRST/blocks/auto test 1.blk","time":"date: Can't stat /sdcard/FIRST/blocks/auto: No such file or directory"},{"fileName":"/sdcard/FIRST/blocks/Driver Control.blk","time":"date: Can't stat /sdcard/FIRST/blocks/Driver: No such file or directory"},{"fileName":"/sdcard/FIRST/blocks/auto test 1.js","time":"date: Can't stat /sdcard/FIRST/blocks/auto: No such file or directory"},{"fileName":"/sdcard/FIRST/blocks/Custom F5.js","time":"date: Can't stat /sdcard/FIRST/blocks/Custom: No such file or directory"},{"fileName":"/sdcard/FIRST/blocks/Auto 1.blk","time":"date: Can't stat /sdcard/FIRST/blocks/Auto: No such file or directory"},{"fileName":"/sdcard/FIRST/blocks/Custom F5.blk","time":"date: Can't stat /sdcard/FIRST/blocks/Custom: No such file or directory"},{"fileName":"/sdcard/FIRST/blocks/F4 Simple Auto.blk","time":"date: Can't stat /sdcard/FIRST/blocks/F4: No such file or directory"},{"fileName":"/sdcard/FIRST/blocks/Auto 1.js","time":"date: Can't stat /sdcard/FIRST/blocks/Auto: No such file or directory"},{"fileName":"/sdcard/FIRST/blocks/F4 Simple Auto.js","time":"date: Can't stat /sdcard/FIRST/blocks/F4: No such file or directory"},{"fileName":"/sdcard/FIRST/blocks/F2 Simple Auto.blk","time":"date: Can't stat /sdcard/FIRST/blocks/F2: No such file or directory"},{"fileName":"/sdcard/FIRST/blocks/A4 Simple Auto.blk","time":"date: Can't stat /sdcard/FIRST/blocks/A4: No such file or directory"},{"fileName":"/sdcard/FIRST/blocks/F2 Simple Auto.js","time":"date: Can't stat /sdcard/FIRST/blocks/F2: No such file or directory"},{"fileName":"/sdcard/FIRST/blocks/A4 Simple Auto.js","time":"date: Can't stat /sdcard/FIRST/blocks/A4: No such file or directory"},{"fileName":"/sdcard/FIRST/blocks/A2 Simple Auto.js","time":"date: Can't stat /sdcard/FIRST/blocks/A2: No such file or directory"},{"fileName":"/sdcard/FIRST/blocks/A2 Simple Auto.blk","time":"date: Can't stat /sdcard/FIRST/blocks/A2: No such file or directory"},{"fileName":"/sdcard/FIRST/blocks/F2 Complex Auto.js","time":"date: Can't stat /sdcard/FIRST/blocks/F2: No such file or directory"},{"fileName":"/sdcard/FIRST/blocks/Custom A2.blk","time":"date: Can't stat /sdcard/FIRST/blocks/Custom: No such file or directory"},{"fileName":"/sdcard/FIRST/blocks/F2 Complex Auto.blk","time":"date: Can't stat /sdcard/FIRST/blocks/F2: No such file or directory"},{"fileName":"/sdcard/FIRST/blocks/F4 Complex Auto.blk","time":"date: Can't stat /sdcard/FIRST/blocks/F4: No such file or directory"},{"fileName":"/sdcard/FIRST/blocks/F4 Complex Auto.js","time":"date: Can't stat /sdcard/FIRST/blocks/F4: No such file or directory"},{"fileName":"/sdcard/FIRST/blocks/Custom A2.js","time":"date: Can't stat /sdcard/FIRST/blocks/Custom: No such file or directory"},{"fileName":"/sdcard/FIRST/blocks/A2 Complex Auto.js","time":"date: Can't stat /sdcard/FIRST/blocks/A2: No such file or directory"},{"fileName":"/sdcard/FIRST/11940.xml","time":"Mon Oct 20 16:05:26 EDT 2025"},{"fileName":"/sdcard/FIRST/blocks/A2 Complex Auto.blk","time":"date: Can't stat /sdcard/FIRST/blocks/A2: No such file or directory"},{"fileName":"/sdcard/FIRST/blocks/A4 Complex Auto.js","time":"date: Can't stat /sdcard/FIRST/blocks/A4: No such file or directory"},{"fileName":"/sdcard/FIRST/blocks/A4 Complex Auto.blk","time":"date: Can't stat /sdcard/FIRST/blocks/A4: No such file or directory"},{"fileName":"/sdcard/FIRST/tflitemodels/Custom22091.tflite","time":"Tue Nov 15 16:07:50 EST 2022"}]}